S No,BLOCK,TASK ID,SYSTEM TYPE ,CREATED BY,STATUS,RESPONSIBLE,RAISED DATE,COMPLAINT DESCRIPTION,RESOLUTION NOTES,Completed_on
1,D3 BLOCK,6719,FIRE ALARM,Sudeep,Offer shared,Jegathesh Johnson,24-Feb-22,"Ground floor & Basement Hooter, MCP Not working.",Offer has been shared for floor affected areas and damaged devices. Waiting for PO.,24-Feb-22
2,D3 BLOCK,6721,FIRE FIGHTING,Sudeep,COMPLETED,Praveen M P,24-Feb-22,D3 basement hoses reel drum Handel boll valve required.,"Offer shared, waiting for po",24-Feb-22
3,L5 BLOCK,6723,FIRE FIGHTING,Dinakar Raj D,COMPLETED,Praveen M P,24-Feb-22,Diesel engine pump Diesel outlet hose pipe leakage (pump room),"Meterial required, offer to be shared",08-Mar-22
4,D3 BLOCK,6725,FIRE FIGHTING,Sudeep,COMPLETED,Praveen M P,24-Feb-22,Fire pump room test line valve got damage (water passing),"Material Required, Offer has been shared. Awaiting PO.",24-Feb-22
5,D3 BLOCK,6727,PA TALK BACK,Sudeep,COMPLETED,Jegathesh Johnson,24-Feb-22,FAS - Talk back system not working.,"The existing PA system has all the staircase speakers connected in a single pair of twisted cable. Which we have recommended for upgrading it with 2 listed options.

1. Integrated Fire alarm amplifier panel with Telephone and Mic. (Pilot version to be implemented in H2 Block)
2. Upgrade all the speakers (with call button), cables(2*1.5sq.mm armoured cable) and panel(40Zone Talk-back panel with call button). (Pilot version implemented in E2 and E2 MLCP)",24-Feb-22
6,H2 BLOCK,6729,FIRE FIGHTING,Ranjith m,COMPLETED,Praveen M P,24-Feb-22,Fire pump room A/W test line water flow meter not working,flow meter need to be replace ,30-Mar-22
7,H2 BLOCK,6731,FIRE ALARM,Ranjith m,Need F/O Support,Jegathesh Johnson,24-Feb-22,Ground floor FA/PA panel 74 troubles need to be clear,"Device has been found faulty condition ,offer has been shared,need to be change the devices",31-Mar-22
8,H2 BLOCK,6733,FIRE FIGHTING,Ranjith m,COMPLETED,Praveen M P,24-Feb-22,UB hydrant pump gland plate damage,material required,30-Mar-22
9,G3 BLOCK,6735,FIRE ALARM,Balakrishna,COMPLETED,Jegathesh Johnson,24-Feb-22,Stair case #04 hooter not working,B-wing Distribution Box and console taken out for servicing. Offer has been shared. Waiting for PO to proceed further with servicing activity.,29-Mar-22
10,G3 BLOCK,6737,PA TALK BACK,Balakrishna,COMPLETED,Jegathesh Johnson,24-Feb-22,Stair case #01 speaker not working,"A-wing Talk Back system has been  serviced and tested. Speakers working normally. Offer has been shared.
Awaiting PO.",08-Mar-22
11,H2 BLOCK,6739,FIRE FIGHTING,Ranjith m,COMPLETED,Praveen M P,24-Feb-22,UB sprinkler pump football leakage,Offer chaired waiting for po,11-Apr-22
12,G3 BLOCK,6741,PA TALK BACK,Balakrishna,COMPLETED,Jegathesh Johnson,24-Feb-22,"Stair case #02, 7th, 8th & 10th floors speaker not working.","Our team has been checked to the speakers ,all are working good condition ",30-Mar-22
13,D3 BLOCK,6743,FIRE ALARM,Sudeep,Offer shared,Jegathesh Johnson,24-Feb-22,"Ground floor & Basement Hooter, MCP Not working.","Ground floor hooter and PA issue has been resolved.
Offer has been shared for replacing the floor affected devices and cables in basement. Awaiting for the PO",24-Feb-22
14,G3 BLOCK,6745,PA TALK BACK,Balakrishna,COMPLETED,Jegathesh Johnson,24-Feb-22,"Stair case #03, 4th & 5th floors speaker not working.","Speaker damaged ,need to be change to the new speaker.",26-Feb-22
15,G3 BLOCK,6747,FIRE ALARM,Balakrishna,OPEN,Jegathesh Johnson,24-Feb-22,FA system troubles need to be rectified.,,
16,D3 BLOCK,6749,FIRE FIGHTING,Sudeep,OPEN,Praveen M P,24-Feb-22,Basement FHS#2 & 3 fire shaft door glass damage,,
17,G3 BLOCK,6751,FIRE FIGHTING,Balakrishna,OPEN,Praveen M P,24-Feb-22,Jockey pump water seal leakage need to rectify,,
18,D3 BLOCK,6753,HYDRANT SYSTEM,Sudeep,OPEN,Praveen M P,24-Feb-22,Ground floor FHS#3 & 4 fire shaft door glass damage,,
19,G3 BLOCK,6755,FIRE FIGHTING,Balakrishna,OPEN,Praveen M P,24-Feb-22,Fire dg 1 Diesel tank hose pipe leakage,,
20,G3 BLOCK,6757,FIRE ALARM,Balakrishna,COMPLETED,Jegathesh Johnson,24-Feb-22,FA system recommission work pending A/B wing,Mail has been shared requesting trap door for collecting all the control modules installed in floors. Still no confirmation from Building Executives regarding trap doors.,29-Mar-22
21,G3 BLOCK,6759,FIRE FIGHTING,Balakrishna,OPEN,Praveen M P,24-Feb-22,Clarke diesel engine Charger not getting charge,,
22,G3 BLOCK,6761,PA TALK BACK,Balakrishna,COMPLETED,Jegathesh Johnson,24-Feb-22,A wing & B wing PA amplifier not working.,"G-3 Block new amplifier instalation work has been done, now system has been working good condition",24-Mar-22
23,G3 BLOCK,6763,PA TALK BACK,Balakrishna,COMPLETED,Jegathesh Johnson,24-Feb-22,A wing & B wing PA console is not working.,"A- wing PA panel has been serviced, installed and tested. System working normally.
Offer has been shared for servicing the PA panel. Awaiting PO for servicing B- wing PA panel.",24-Feb-22
24,H2 BLOCK,6765,FIRE FIGHTING,Ranjith m,COMPLETED,Praveen M P,24-Feb-22,UB jockey pump football leakage,Sump need to be drine,15-Mar-22
25,H2 BLOCK,6767,FIRE FIGHTING,Ranjith m,COMPLETED,Praveen M P,24-Feb-22,UB B/WING Jockey pump football leakage,Sump need to drine,15-Mar-22
26,H2 BLOCK,6769,HYDRANT SYSTEM,Ranjith m,COMPLETED,Praveen M P,24-Feb-22,UB B/Wing hydrant pump gland plate damage,Waiting for meterial,15-Mar-22
27,H2 BLOCK,6771,FIRE FIGHTING,Ranjith m,OPEN,Praveen M P,24-Feb-22,UB B/Wing test line water flow meter not working,,
28,H2 BLOCK,6773,FIRE FIGHTING,Ranjith m,OPEN,Praveen M P,24-Feb-22,LB FHC-05 shaft door glass and beading damage,,
29,G2 BLOCK,6775,HYDRANT SYSTEM,Satish,OPEN,Praveen M P,24-Feb-22,Hydrant pump gland leakage,,
30,G2 BLOCK,6777,FIRE FIGHTING,Satish,OPEN,Praveen M P,24-Feb-22,Diesel Engine gland leakage,,
31,H2 BLOCK,6779,FIRE FIGHTING,Ranjith m,OPEN,Praveen M P,24-Feb-22,LB FHC-05 shaft door glass and beading damage,,
32,E1 BLOCK,6781,FIRE FIGHTING,Ananda M,OPEN,Praveen M P,24-Feb-22,Jockey pump suction line pipe water passing need to be rectify,,
33,E1 BLOCK,6783,FIRE FIGHTING,Ananda M,OPEN,Praveen M P,24-Feb-22,All sluice valve need to be servicing,,
34,E1 BLOCK,6785,PA TALK BACK,Ananda M,COMPLETED,Jegathesh Johnson,24-Feb-22,2 way Talk back system is not working,Issue resolved,24-Feb-22
35,E1 BLOCK,6787,SPRINKLER SYSTEM,Ananda M,OPEN,Praveen M P,24-Feb-22,Sprinkler flow switch need to check,,
36,E1 BLOCK,6789,FIRE FIGHTING,Ananda M,OPEN,Praveen M P,24-Feb-22,Booster pump rotating shaft need to be replace,,
37,E1 BLOCK,6791,SPRINKLER SYSTEM,Ananda M,COMPLETED,Praveen M P,24-Feb-22,1st floor Sprinkler flexible hose need to align & replace,Waiting for po,15-Mar-22
38,E1 BLOCK,6793,FIRE ALARM,Ananda M,COMPLETED,Jegathesh Johnson,24-Feb-22,1st floor Smoke detector is not working,"Damaged by vendors during project work. Offer has been shared for rectification and additional device installation.

Awaiting PO.",25-Feb-22
39,E1 BLOCK,6795,FIRE ALARM,Ananda M,OPEN,Jegathesh Johnson,24-Feb-22,Heat detector need to be install,Not yet complete to the demolation activity,29-Apr-22
40,E1 BLOCK,6797,FIRE ALARM,Ananda M,OPEN,Jegathesh Johnson,24-Feb-22,Lift integrated need to be done with FAS panel,Offer shared,29-Apr-22
41,E1 BLOCK,6799,ACCESS CONTROL,Ananda M,OPEN,Prasanth M,24-Feb-22,Doors Access is not working,,
42,E1 BLOCK,6801,HYDRANT SYSTEM,Ananda M,OPEN,Praveen M P,24-Feb-22,FBI need to be install,,
43,E1 BLOCK,6803,FIRE FIGHTING,Ananda M,OPEN,Praveen M P,24-Feb-22,2 nos sluice valve damaged,,
44,E1 BLOCK,6805,FIRE FIGHTING,Ananda M,OPEN,Praveen M P,24-Feb-22,Pressure switch & Flow meter calibration need to be done,,
45,E1 BLOCK,6807,FIRE FIGHTING,Ananda M,OPEN,Praveen M P,24-Feb-22,Fire engine B check due,,
46,E2 BLOCK,6809,FIRE FIGHTING,Ananda M,OPEN,Praveen M P,24-Feb-22,"Pressure gauge, pressure switch & Flow meter calibration need to be done",,
47,E2 BLOCK,6811,FIRE FIGHTING,Ananda M,COMPLETED,Praveen M P,24-Feb-22,Booster pump Auto cut off need to be rectify,Pump efficiency down need to service,16-Mar-22
48,E2 BLOCK,6813,FIRE FIGHTING,Ananda M,OPEN,Praveen M P,24-Feb-22,Booster pump gland leakage need to be rectify,,
49,E2 BLOCK,6815,FIRE ALARM,Ananda M,OPEN,Jegathesh Johnson,24-Feb-22,FA panel showing 228 trouble has to be rectify.,,
50,E2 BLOCK,6817,HYDRANT SYSTEM,Ananda M,OPEN,Praveen M P,24-Feb-22,YH #2 Spindle rod need to be replace,,
51,E2 BLOCK,6819,FIRE ALARM,Ananda M,OPEN,Jegathesh Johnson,24-Feb-22,Lift integrated need to be done with FAS panel,Offer shared,29-Apr-22
52,E2 BLOCK,6821,ACCESS CONTROL,Ananda M,OPEN,Prasanth M,24-Feb-22,Doors Access is not working,,
53,E2 MLCP,6823,SPRINKLER SYSTEM,Ananda.M,OPEN,Praveen M P,24-Feb-22,Sprinkler flow switch need to check,,
54,E2 BLOCK,6825,FIRE ALARM,Ananda M,COMPLETED,Jegathesh Johnson,24-Feb-22,Smoke detectors need to be cleaning,All common area smoke detector cleaning and re-fixing of hanging device rectification has been done,30-Mar-22
55,E2 BLOCK,6827,FIRE FIGHTING,Ananda M,OPEN,Praveen M P,24-Feb-22,Fire DG battery need to be replace,,
56,E2 BLOCK,6829,SPRINKLER SYSTEM,Ananda M,OPEN,Praveen M P,24-Feb-22,1 no ITC valve need to be replace,,
57,E2 BLOCK,6831,FIRE FIGHTING,Ananda M,OPEN,Praveen M P,24-Feb-22,Jockey pump Foot valve leakage need to be rectify,,
58,E2 BLOCK,6833,FIRE FIGHTING,Ananda M,OPEN,Praveen M P,24-Feb-22,Fire engine B check due,,
59,E2 MLCP,6835,SPRINKLER SYSTEM,Ananda M,OPEN,Praveen M P,24-Feb-22,5 No's Sprinkler rusted bulb need to be replace,,
60,E2 MLCP,6837,FIRE FIGHTING,Ananda M,OPEN,Praveen M P,24-Feb-22,Jockey pump Foot valve leakage need to be rectify,,
61,E2 MLCP,6839,FIRE FIGHTING,Ananda M,OPEN,Praveen M P,24-Feb-22,Jockey pump Foot valve leakage need to be rectify,,
62,E2 MLCP,6841,FIRE FIGHTING,Ananda M,COMPLETED,Praveen M P,24-Feb-22,Booster pump Auto cut off need to be rectify,Issue observed to be due to reduced pump efficiency. Offer has been shared for servicing the pump. ,17-Mar-22
63,E2 MLCP,6843,FIRE FIGHTING,Ananda M,COMPLETED,Praveen M P,24-Feb-22,Booster pump gland leakage need to be rectify,Issue resolved,26-Feb-22
64,E2 MLCP,6845,FIRE ALARM,Ananda M,Offer shared,Jegathesh Johnson,24-Feb-22,Lift integrated need to be done with FAS panel,Offer shared,29-Apr-22
65,E2 MLCP,6847,SPRINKLER SYSTEM,Ananda M,OPEN,Praveen M P,24-Feb-22,Sprinkler flow switch need to check,,
66,G3 BLOCK,6849,SPRINKLER SYSTEM,Balakrishna,OPEN,Praveen M P,24-Feb-22,Sprinkler flow switch need to be check,,
67,G3 BLOCK,6851,FIRE FIGHTING,Balakrishna,OPEN,Praveen M P,24-Feb-22,Fire DG B-check need to be done,,
68,G3 BLOCK,6853,FIRE EXTINGUISHER,Balakrishna,OPEN,Praveen M P,24-Feb-22,New fire extinguishers need to be install,,
69,G3 BLOCK,6855,FIRE FIGHTING,Balakrishna,OPEN,Praveen M P,24-Feb-22,2 no's Hose reel drum leakage at LB,,
70,D3 BLOCK,6857,SPRINKLER SYSTEM,Sudeep,OPEN,Praveen M P,24-Feb-22,Ground floor fire sprinkler ICV Pressure gauge not working,,
71,G3 BLOCK,6859,FIRE EXTINGUISHER,Balakrishna,OPEN,Praveen M P,24-Feb-22,Water type FE need replace to ABC type fire extinguisher,,
72,D3 BLOCK,6861,CCTV,Sudeep,COMPLETED,Prasanth M,24-Feb-22,D3 Electrical Room Fixed Camera Failed,"Switches, media converter in Basement rack has been damaged during flood. Offer has been shared for replacement.

Awaiting PO for replacing the switches, media converter and power adaptors.",25-Feb-22
73,D3 BLOCK,6863,CCTV,Sudeep,COMPLETED,Prasanth M,24-Feb-22,D3 Pump Room Fixed Camera Failed,"Switches, media converter in Basement rack has been damaged during flood. Offer has been shared for replacement.

Awaiting PO for replacing the switches, media converter and power adaptors.",25-Feb-22
74,G3 BLOCK,6865,FIRE EXTINGUISHER,Balakrishna,COMPLETED,Praveen M P,24-Feb-22,Fire extinguishers refilling & HP test need to be done,Offer Shared Awaiting for PO. Please confirm with PO to process the same. ,06-Apr-22
75,D3 BLOCK,6867,ACCESS CONTROL,Sudeep,OPEN,Prasanth M,24-Feb-22,Ground floor L T ROOM Access Control Door not working,,
76,G3 BLOCK,6869,SPRINKLER SYSTEM,Balakrishna,OPEN,Praveen M P,24-Feb-22,Sprinkler ICV pipeline water leakage need to rectify,,
77,G3 BLOCK,6871,FIRE FIGHTING,Balakrishna,OPEN,Praveen M P,24-Feb-22,Pressure gauge modification need to be done,,
78,D3 BLOCK,6873,ACCESS CONTROL,Sudeep,OPEN,Prasanth M,24-Feb-22,Ground floor fire pump room Access Control Door not working,,
79,G3 BLOCK,6875,FIRE FIGHTING,Balakrishna,OPEN,Praveen M P,24-Feb-22,"Pressure gauge, pressure switch & flow meter calibration need to be done",,
80,G3 BLOCK,6877,HYDRANT SYSTEM,Balakrishna,OPEN,Praveen M P,24-Feb-22,Air release valve need to be replace,,
81,D4 BLOCK,6879,HYDRANT SYSTEM,Sudeep,OPEN,Praveen M P,24-Feb-22,Basement Hose reel drum Handel boll valve need to be replace.,,
82,G3 BLOCK,6881,HYDRANT SYSTEM,Balakrishna,OPEN,Praveen M P,24-Feb-22,2 no's Hydrant point need to be,,
83,D4 BLOCK,6883,HYDRANT SYSTEM,Sudeep,OPEN,Praveen M P,24-Feb-22,All locations Fire hydrant point Quarterly checking & servicing not don,,
84,G3 BLOCK,6885,FIRE ALARM,Balakrishna,OPEN,Jegathesh Johnson,24-Feb-22,Heat detector need to be install @ HSD yard,"construction work progress, once it ill be finished we have started to the activity, already informed to the management team and f/o",29-Apr-22
85,D4 BLOCK,6887,FIRE ALARM,Sudeep,OPEN,Jegathesh Johnson,24-Feb-22,FAS troubles has to be clear & Hooter not working,,
86,G4 BLOCK,6889,PA TALK BACK,Balakrishna,COMPLETED,Jegathesh Johnson,24-Feb-22,"Stair case #1, 10th & 4th floors speaker not working.",Our engineer has been visit the block but didn't  get the permission for doing the activity.,01-Mar-22
87,D4 BLOCK,6891,FIRE FIGHTING,Sudeep,OPEN,Praveen M P,24-Feb-22,Pump room Diesel engine level tube leakage in day tank,,
88,D4 BLOCK,6893,HYDRANT SYSTEM,Sudeep,OPEN,Praveen M P,24-Feb-22,Terrace Ring main 1no butterfly valve issue need to be replace,,
89,D4 BLOCK,6895,CCTV,Sudeep,COMPLETED,Prasanth M,24-Feb-22,D4 Terrace Entry Fixed Camera not working,"Switches, media converter in Basement rack has been damaged during flood. Offer has been shared for replacement.

Awaiting PO for replacing the switches, media converter and power adaptors.",25-Feb-22
90,D4 BLOCK,6897,CCTV,Sudeep,COMPLETED,Prasanth M,24-Feb-22,D4 Electrical Room Fixed Camera not working,"Switches, media converter in Basement rack has been damaged during flood. Offer has been shared for replacement.

Awaiting PO for replacing the switches, media converter and power adaptors.",25-Feb-22
91,D4 BLOCK,6899,CCTV,Sudeep,COMPLETED,Prasanth M,24-Feb-22,D4 MLCP ground floor DG Room Fixed Camera not working,"Switches, media converter in Basement rack has been damaged during flood. Offer has been shared for replacement.

Awaiting PO for replacing the switches, media converter and power adaptors.",25-Feb-22
92,D4 BLOCK,6901,CCTV,Sudeep,COMPLETED,Prasanth M,24-Feb-22,D4 Terrace North East PTZ Camera not working,"Switches, media converter in Basement rack has been damaged during flood. Offer has been shared for replacement.

Awaiting PO for replacing the switches, media converter and power adaptors.",25-Feb-22
93,D4 BLOCK,6903,PA TALK BACK,Sudeep,OPEN,Jegathesh Johnson,24-Feb-22,Ground Floor PA - Talk Back System not working,The existing PA system has all the staircase speakers connected in a single pair of twisted cable. Which we have recommended for upgrading it with 2 listed options. 1. ,29-Apr-22
94,G4 BLOCK,6905,FIRE ALARM,Balakrishna,COMPLETED,Jegathesh Johnson,24-Feb-22,"Stair case #1, 5th floor MCP not working",Our engineer has been visit the block but didn't  get the permission for doing the activity,01-Mar-22
95,D4 BLOCK,6907,FIRE FIGHTING,Sudeep,OPEN,Praveen M P,24-Feb-22,FHS #3 basement fire shaft door glass damage,,
96,G4 BLOCK,6909,SPRINKLER SYSTEM,Balakrishna,OPEN,Praveen M P,24-Feb-22,Sprinkler flow switch need to be check,,
97,G4 BLOCK,6911,FIRE FIGHTING,Balakrishna,OPEN,Praveen M P,24-Feb-22,Fire DG B-check need to be done,,
98,D4 MLCP,6913,FIRE ALARM,Sudeep,OPEN,Jegathesh Johnson,24-Feb-22,Ground floor FAS panel not working,"System failure ,not in operational,need to be change to the new panel",29-Apr-22
99,G4 BLOCK,6915,SPRINKLER SYSTEM,Balakrishna,COMPLETED,Praveen M P,24-Feb-22,5th to 10th floors Sprinkler line pressure testing need to be done,"Not in our scope, offer need to be share",27-Feb-22
100,D4 MLCP,6917,FIRE FIGHTING,Sudeep,COMPLETED,Praveen M P,24-Feb-22,Pump room Hydrant pump Suction line got rusted & water leakage.,"Offer shared, waiting for po",08-Mar-22
101,G4 BLOCK,6919,FIRE ALARM,Balakrishna,Need F/O Support,Jegathesh Johnson,24-Feb-22,5th to 10th floors Smoke detectors looping need to be rectify,"Damaged by CTS client during the demolition activity. Client need to get the loop restored.

Offer has been shared for restoring. Awaiting PO.",25-Feb-22
102,D4 MLCP,6921,FIRE FIGHTING,Sudeep,COMPLETED,Praveen M P,24-Feb-22,Pump room Test line got rusted & water leakage.,"Offer shared, waiting for po",21-Mar-22
103,G4 BLOCK,6923,FIRE EXTINGUISHER,Balakrishna,COMPLETED,Praveen M P,24-Feb-22,New fire extinguishers need to be supply & install,Meterial supplyed to be install,21-Mar-22
104,G4 BLOCK,6925,HYDRANT SYSTEM,Balakrishna,OPEN,Praveen M P,24-Feb-22,Hose reel drum leakage need to be rectify,,
105,K BLOCK,6927,FIRE FIGHTING,Nandakumar CR,OPEN,Praveen M P,24-Feb-22,Fire Diesel engine pump ''B''-check need to be done,,
106,G4 BLOCK,6929,FIRE EXTINGUISHER,Balakrishna,COMPLETED,Praveen M P,24-Feb-22,Fire extinguishers refilling & HP test need to be done,flow meter need to be replace ,23-Mar-22
107,D4 MLCP,6931,FIRE FIGHTING,Sudeep,OPEN,Praveen M P,24-Feb-22,Terrace booster pump pressure gauge not available,,
108,D4 MLCP,6933,HYDRANT SYSTEM,Sudeep,OPEN,Praveen M P,24-Feb-22,Ground floor YH #2 underground water leakage.,,
109,D4 MLCP,6935,FIRE FIGHTING,Sudeep,OPEN,Praveen M P,24-Feb-22,"Ground floor,5th 11th floor fire shaft door glass damage",,
110,K BLOCK,6937,FIRE FIGHTING,Nandakumar CR,OPEN,Praveen M P,24-Feb-22,Fire Diesel engine pump Gland pusher got to damaged need to be done.,,
111,D4 MLCP,6939,FIRE FIGHTING,Sudeep,COMPLETED,Praveen M P,24-Feb-22,Fire hydrant shaft Keys not available,Waiting for po,11-Mar-22
112,D4 MLCP,6941,CCTV,Sudeep,COMPLETED,Prasanth M,24-Feb-22,D4 MLCP ground floor fire Pump Room Fixed Camera not working,"Switches, media converter in Basement rack has been damaged during flood. Offer has been shared for replacement.

Awaiting PO for replacing the switches, media converter and power adaptors.",25-Feb-22
113,D4 MLCP,6943,CCTV,Sudeep,COMPLETED,Prasanth M,24-Feb-22,D4 MLCP ground floor DG room Fixed Camera not working,"Switches, media converter in Basement rack has been damaged during flood. Offer has been shared for replacement. Awaiting PO for replacing the switches, media converter and power adaptors.",25-Feb-22
114,K BLOCK,6945,FIRE FIGHTING,Nandakumar CR,COMPLETED,Praveen M P,24-Feb-22,Fire diesel engine battery charger not working need to be replaced.,"Offer shared, waiting for po",25-Feb-22
115,D4 MLCP,6947,PA TALK BACK,Sudeep,OPEN,Jegathesh Johnson,24-Feb-22,PA - Talk Back System not working,"The existing PA system has all the staircase speakers connected in a single pair of twisted cable. Which we have recommended for upgrading it with 2 listed options. 1. Integrated Fire alarm amplifier panel with Telephone and Mic. (Pilot version to be implemented in H2 Block) 2. Upgrade all the speakers (with call button), cables(2*1.5sq.mm armoured cable) and panel(40Zone Talk-back panel with call button). (Pilot version implemented in E2 and E2 MLCP)",29-Apr-22
116,K BLOCK,6949,FIRE FIGHTING,Nandakumar CR,OPEN,Praveen M P,24-Feb-22,Fire Booster pump not working need to be rectify.,,
117,D3 BLOCK,6951,FIRE FIGHTING,Sudeep,OPEN,Praveen M P,24-Feb-22,Fire hydrant shaft keys not available,,
118,K BLOCK,6953,FIRE ALARM,Nandakumar CR,COMPLETED,Jegathesh Johnson,24-Feb-22,Fire FA system Troubles to be resolved.,"Loop has been damaged in client during demolition activity, SAFE has been following up on the status of loop damage from day one of the activity. No support/ update on restoring the loops with demolition crew from Building Executives.",01-Mar-22
119,D4 MLCP,6955,FIRE FIGHTING,Sudeep,COMPLETED,Praveen M P,24-Feb-22,Fire diesel engine diesel line leakage,Waiting for po,11-Mar-22
120,L6 BLOCK,6957,FIRE ALARM,Dinakar Raj D,Offer shared,Jegathesh Johnson,24-Feb-22,Fire alarm system is in off condition (ground floor reception),,
121,K BLOCK,6959,FIRE ALARM,Nandakumar CR,COMPLETED,Jegathesh Johnson,24-Feb-22,3rd floor Hooter not working need to be rectify.,"Loop has been damaged in client during demolition activity, SAFE has been following up on the status of loop damage from day one of the activity. No support/ update on restoring the loops with demolition crew from Building Executives.",01-Mar-22
122,K BLOCK,6961,FIRE ALARM,Nandakumar CR,COMPLETED,Jegathesh Johnson,24-Feb-22,3rd floor Hooter not working need to be rectify.,"Loop has been damaged in client during demolition activity, SAFE has been following up on the status of loop damage from day one of the activity. No support/ update on restoring the loops with demolition crew from Building Executives.",01-Mar-22
123,L7 MLCP,6963,FIRE ALARM,Dinakar Raj D,OPEN,Jegathesh Johnson,24-Feb-22,System trouble to be rectify and reprogramming has to be done,,
124,F2 BLOCK,6965,FIRE ALARM,Manjunath Rao,COMPLETED,Jegathesh Johnson,24-Feb-22,"Staircase #1, GF, 1& 2nd Floor Hooter not working",Completed,29-Apr-22
125,F2 BLOCK,6967,PA TALK BACK,Manjunath Rao,COMPLETED,Jegathesh Johnson,24-Feb-22,"Staircase #2, Basement, 1st, 4th, 6th floors Speaker not working",Completed,29-Apr-22
126,F2 BLOCK,6969,FIRE ALARM,Manjunath Rao,Need F/O Support,Jegathesh Johnson,24-Feb-22,"Staircase #3, 4th, GF floors MCP not working",,
127,F2 BLOCK,6971,PA TALK BACK,Manjunath Rao,COMPLETED,Jegathesh Johnson,24-Feb-22,"Staircase #3, basement & 4th floors speaker is not working",Completed,29-Apr-22
128,F2 BLOCK,6973,FIRE ALARM,Manjunath Rao,Need F/O Support,Jegathesh Johnson,24-Feb-22,"Staircase #4, 4th, 7th, 8th floors MCP not working",Completed,29-Apr-22
129,H1 BLOCK,6975,FIRE ALARM,Ranjith m,Offer shared awaiting for PO,Jegathesh Johnson,24-Feb-22,GF FA/PA panel need to be replace,Offer has been shared for replacement on 11-01-2022. Waiting for PO.,25-Feb-22
130,F2 BLOCK,6977,PA TALK BACK,Manjunath Rao,COMPLETED,Jegathesh Johnson,24-Feb-22,"Staircase #4, basement, 3rd, 6th, 8th floors speaker is not working",Completed,29-Apr-22
131,H1 BLOCK,6979,FIRE FIGHTING,Ranjith m,OPEN,Praveen M P,24-Feb-22,S/W Sprinkler pump NRV leckage,,
132,F2 BLOCK,6981,FIRE ALARM,Manjunath Rao,Need F/O Support,Jegathesh Johnson,24-Feb-22,"Staircase #5, 4th, 6th, 10th MCP not working",Completed,29-Apr-22
133,F2 BLOCK,6983,FIRE ALARM,Manjunath Rao,Need F/O Support,Jegathesh Johnson,24-Feb-22,"Staircase #6, 3rd, 8th, 10th, floors MCP not working",Completed,29-Apr-22
134,H1 BLOCK,6985,HYDRANT SYSTEM,Ranjith m,OPEN,Praveen M P,24-Feb-22,Ground floor YH point 04 pipe line leakage,,
135,F2 BLOCK,6987,PA TALK BACK,Manjunath Rao,COMPLETED,Jegathesh Johnson,24-Feb-22,"Staircase #6, 1st,3rd, 10th, floors Speaker not working",Completed,29-Apr-22
136,F2 BLOCK,6989,SPRINKLER SYSTEM,Manjunath Rao,OPEN,Praveen M P,24-Feb-22,Sprinkler flow switch need to be check,,
137,F2 BLOCK,6991,HYDRANT SYSTEM,Manjunath Rao,OPEN,Praveen M P,24-Feb-22,Hose box glass beeding need to be replace,,
138,F2 BLOCK,6993,FIRE ALARM,Manjunath Rao,COMPLETED,Jegathesh Johnson,24-Feb-22,FAS Cable laying need to be properly,FAS cable laying work has been completed,06-Mar-22
139,F2 BLOCK,6995,FIRE FIGHTING,Manjunath Rao,COMPLETED,Praveen M P,24-Feb-22,Hose reel drum #5 need to be fix properly,Completed,11-Mar-22
140,F3 BLOCK,6997,FIRE FIGHTING,Manjunath Rao,OPEN,Praveen M P,24-Feb-22,Flow meter calibration need to be done,,
141,F3 BLOCK,6999,SPRINKLER SYSTEM,Manjunath Rao,OPEN,Praveen M P,24-Feb-22,6 no's rusted sprinkler bulb need to be replace,,
142,F3 BLOCK,7001,PA TALK BACK,Manjunath Rao,COMPLETED,Jegathesh Johnson,24-Feb-22,2way talk back system listen mode need to be rectify,"Total Zones supported by F3 PA existing panel: 15 Zones
Total speakers in F3 Block: 70 Speakers.

The existing PA system has all the staircase speakers connected in a single pair of twisted cable. Which we have recommended for upgrading it with 2 listed options.

1. Integrated Fire alarm amplifier panel with Telephone and Mic. (Pilot version to be implemented in H2 Block)
2. Upgrade all the speakers (with call button), cables(2*1.5sq.mm armoured cable) and panel(40Zone Talk-back panel with call button). (Pilot version implemented in E2 and E2 MLCP",25-Feb-22
143,F3 BLOCK,7003,SPRINKLER SYSTEM,Manjunath Rao,OPEN,Praveen M P,24-Feb-22,All location Sprinkler flow switch need to be check,,
144,F3 BLOCK,7005,HYDRANT SYSTEM,Manjunath Rao,OPEN,Praveen M P,24-Feb-22,Common area Hose box glass beeding need to be replace,,
145,F3 BLOCK,7007,FIRE ALARM,Manjunath Rao,Need F/O Support,Jegathesh Johnson,24-Feb-22,Fire alarm system 22 no's Trouble,"Trouble reduced from 22 to 16, some device has been found faulty condition need to be change new device, same has been informed to the F/O.",29-Mar-22
146,F3 BLOCK,7009,HYDRANT SYSTEM,Manjunath Rao,OPEN,Praveen M P,24-Feb-22,Hydrant pump priming line NRV water passing need to rectify,,
147,F3 BLOCK,7011,FIRE FIGHTING,Manjunath Rao,OPEN,Praveen M P,24-Feb-22,B-wing DG pump gland leakage,,
148,F3 BLOCK,7013,HYDRANT SYSTEM,Manjunath Rao,OPEN,Praveen M P,24-Feb-22,B-wing hydrant pump gland leakage,,
149,F3 BLOCK,7015,SPRINKLER SYSTEM,Manjunath Rao,OPEN,Praveen M P,24-Feb-22,B-wing Sprinkler pump gland leakage,,
150,F2 BLOCK,7017,FIRE FIGHTING,Manjunath Rao,OPEN,Praveen M P,24-Feb-22,"Hose reel drum #4, leakage need to be rectify",,
151,G1 BLOCK,7019,SPRINKLER SYSTEM,Satish,OPEN,Praveen M P,24-Feb-22,LB 8 No's rusted sprinkler collar need to be replace,,
152,G1 BLOCK,7021,SPRINKLER SYSTEM,Satish,OPEN,Praveen M P,24-Feb-22,UB 6 No's rusted sprinkler collar need to be replace,,
153,G1 BLOCK,7023,FIRE FIGHTING,Satish,OPEN,Praveen M P,24-Feb-22,Fire diesel engine (Kirloskar pump #1) body leakage need to rectify,,
154,G1 BLOCK,7025,FIRE ALARM,Satish,OPEN,Jegathesh Johnson,24-Feb-22,"MCP, Hooter & speaker programming need to be done at DG room",Plan to do the activiy on coming week,29-Apr-22
155,G1 BLOCK,7027,FIRE ALARM,Satish,COMPLETED,Jegathesh Johnson,24-Feb-22,120 no's Troubles need to be rectify,"Ground Floor loop has been damaged by client during renovation activity, the client need to get the loop restored.",25-Feb-22
156,G1 BLOCK,7029,PA TALK BACK,Satish,OPEN,Jegathesh Johnson,24-Feb-22,2way talk back system listen mode need to be rectify,"The existing PA system has all the staircase speakers connected in a single pair of twisted cable. Which we have recommended for upgrading it with 2 listed options. 1. Integrated Fire alarm amplifier panel with Telephone and Mic. (Pilot version to be implemented in H2 Block) 2. Upgrade all the speakers (with call button), cables(2*1.5sq.mm armoured cable) and panel(40Zone Talk-back panel with call button). (Pilot version implemented in E2 and E2 MLCP)",29-Apr-22
157,G1 BLOCK,7031,FIRE FIGHTING,Satish,OPEN,Praveen M P,24-Feb-22,Booster pump push button is not working,,
158,G1 BLOCK,7033,SPRINKLER SYSTEM,Satish,OPEN,Praveen M P,24-Feb-22,4 No's Sprinkler flow switch is not working,,
159,G1 BLOCK,7035,SPRINKLER SYSTEM,Satish,OPEN,Praveen M P,24-Feb-22,Sprinkler ICV pipeline water leakage need to rectify,,
160,G1 BLOCK,7037,SPRINKLER SYSTEM,Satish,OPEN,Praveen M P,24-Feb-22,ICV gangbell accessories need to be replace,,
161,H1 BLOCK,7039,FIRE FIGHTING,Ranjith m,OPEN,Praveen M P,24-Feb-22,N/W Fire DG charger fuse need to be replace,,
162,H1 BLOCK,7041,FIRE FIGHTING,Ranjith m,OPEN,Praveen M P,24-Feb-22,S/W Sprinkler pump gland plate damage,,
163,H1 BLOCK,7043,FIRE FIGHTING,Ranjith m,OPEN,Praveen M P,24-Feb-22,Fire DG diesel inlet pipe hose leckage,,
164,H2 BLOCK,7045,FIRE ALARM,Ranjith m,Need F/O Support,Jegathesh Johnson,24-Feb-22,FAS panel 74 troubles need to be clear,,
165,H2 BLOCK,7047,FIRE FIGHTING,Ranjith m,OPEN,Praveen M P,24-Feb-22,A-wing hydrant pump gland plate damage,,
166,H2 BLOCK,7049,FIRE FIGHTING,Ranjithm,OPEN,Praveen M P,24-Feb-22,A wing sprinkler pump football leakage,,
167,H2 BLOCK,7051,FIRE FIGHTING,Ranjith m,OPEN,Praveen M P,24-Feb-22,A wing jockey pump football leakage,,
168,H2 BLOCK,7053,FIRE FIGHTING,Ranjith m,OPEN,Praveen M P,24-Feb-22,A wing test line water flow meter not working,,
169,H2 BLOCK,7055,FIRE FIGHTING,Ranjithm,OPEN,Praveen M P,24-Feb-22,B wing jockey pump football leakage,,
170,H2 BLOCK,7057,FIRE FIGHTING,Ranjith m,OPEN,Praveen M P,24-Feb-22,B wing hydrant pump gland plate damage,,
171,H2 BLOCK,7059,FIRE FIGHTING,Ranjith m,OPEN,Praveen M P,24-Feb-22,B wing test line water flow meter not working,,
172,L5 BLOCK,7061,FIRE ALARM,Dinakar Raj D,OPEN,Jegathesh Johnson,24-Feb-22,Troubles to be rectify,,
173,L5 BLOCK,7063,FIRE ALARM,Dinakar Raj D,Need F/O Support,Jegathesh Johnson,24-Feb-22,1st floor Sprinkler flow switch alarm activated,unable to access the device,29-Apr-22
174,G2 BLOCK,7065,SPRINKLER SYSTEM,Satish,OPEN,Praveen M P,25-Feb-22,LB 10 No's rusted sprinkler collar need to be replace,,
175,G2 BLOCK,7067,SPRINKLER SYSTEM,Satish,OPEN,Praveen M P,25-Feb-22,UB 6 No's rusted sprinkler collar need to be replace,,
176,G2 BLOCK,7069,SPRINKLER SYSTEM,Satish,OPEN,Praveen M P,25-Feb-22,5 No's Sprinkler flow switch is not working,,
177,G2 BLOCK,7071,HYDRANT SYSTEM,Satish,COMPLETED,Praveen M P,25-Feb-22,1 no pressure gauge need to be install at ring main,Pressure gauge bush not available,19-Mar-22
178,G2 BLOCK,7073,SPRINKLER SYSTEM,Satish,OPEN,Praveen M P,25-Feb-22,Sprinkler pump some times does not lift the water,,
179,G2 BLOCK,7075,SPRINKLER SYSTEM,Satish,OPEN,Praveen M P,25-Feb-22,Sprinkler pump priming line NRV water passing,,
180,G2 BLOCK,7077,FIRE FIGHTING,Satish,OPEN,Praveen M P,25-Feb-22,Pressure switch calibration need to be done,,
181,G2 BLOCK,7079,SPRINKLER SYSTEM,Satish,COMPLETED,Praveen M P,25-Feb-22,Sprinkler ICV pipeline water leakage need to rectify,Civil work not done,21-Mar-22
182,G2 BLOCK,7081,FIRE ALARM,Satish,COMPLETED,Jegathesh Johnson,25-Feb-22,2 floors hooter is activated directly,"rectification completed, now the hooter has been working fine.",26-Feb-22
183,G1 BLOCK,7083,PA TALK BACK,Satish,COMPLETED,Jegathesh Johnson,25-Feb-22,"Staircase #1, 4th Speaker is not working",Our engineer has been visit the block but didn't get the permission for doing the activity.,01-Mar-22
184,G1 BLOCK,7085,PA TALK BACK,Satish,COMPLETED,Jegathesh Johnson,25-Feb-22,"Staircase #1, 8th Speaker is not working",Our engineer has been visit the block but didn't get the permission for doing the activity.,01-Mar-22
185,G1 BLOCK,7087,PA TALK BACK,Satish,COMPLETED,Jegathesh Johnson,25-Feb-22,"Staircase #2, 7th floor Speaker is not working",Our engineer has been visit the block but didn't get the permission for doing the activity.,01-Mar-22
186,G1 BLOCK,7089,PA TALK BACK,Satish,COMPLETED,Jegathesh Johnson,25-Feb-22,"Staircase #2, 8th floor Speaker is not working",Our engineer has been visit the block but didn't get the permission for doing the activity.,01-Mar-22
187,G1 BLOCK,7091,PA TALK BACK,Satish,COMPLETED,Jegathesh Johnson,25-Feb-22,"Staircase #3, 7th floor Speaker is not working",Our engineer has been visit the block but didn't get the permission for doing the activity.,01-Mar-22
188,G1 BLOCK,7093,PA TALK BACK,Satish,COMPLETED,Jegathesh Johnson,25-Feb-22,"Staircase #3, UB Speaker is not working",Our engineer has been visit the block but didn't get the permission for doing the activity.,01-Mar-22
189,G1 BLOCK,7095,FIRE ALARM,Satish,COMPLETED,Jegathesh Johnson,25-Feb-22,"Staircase #1, 4th floor MCP is not working",Our engineer has been visit the block but not get the permission for doing the activity.,25-Feb-22
190,G1 BLOCK,7097,FIRE ALARM,Satish,COMPLETED,Jegathesh Johnson,25-Feb-22,"Staircase #1, 5th floor MCP is not working",Our engineer has been visit the block but not get the permission for doing the activity.,25-Feb-22
191,G1 BLOCK,7099,FIRE FIGHTING,Satish,OPEN,Praveen M P,25-Feb-22,Pressure switch calibration need to be done,,
192,G2 BLOCK,7101,FIRE ALARM,Satish,COMPLETED,Jegathesh Johnson,25-Feb-22,"Staircase #2, 3rd floor Hooter is not working",Our engineer has been visit the block but didn't get the permission for doing the activity,01-Mar-22
193,G2 BLOCK,7103,FIRE ALARM,Satish,COMPLETED,Jegathesh Johnson,25-Feb-22,"Staircase #1, 3rd floor Hooter is not working",Our engineer has visit the block but not get the permission for doing the activity,25-Feb-22
194,G2 BLOCK,7105,FIRE ALARM,Satish,COMPLETED,Jegathesh Johnson,25-Feb-22,"Staircase #3, 3rd floor Hooter is not working",Our engineer has visit the block but not get the permission for doing the activity,25-Feb-22
195,G2 BLOCK,7107,FIRE ALARM,Satish,COMPLETED,Jegathesh Johnson,25-Feb-22,"Staircase #2, 3rd floor MCP is not working",Our engineer has visit the block but not get the permission for doing the activity,25-Feb-22
196,G2 BLOCK,7109,PA TALK BACK,Satish,COMPLETED,Jegathesh Johnson,25-Feb-22,"Staircase #1, 6th floor speaker is not working",Our engineer has been visit the block but didn't get the permission for doing the activity.,01-Mar-22
197,G2 BLOCK,7111,PA TALK BACK,Satish,COMPLETED,Jegathesh Johnson,25-Feb-22,"Staircase #1, 7th floor speaker is not working",Our engineer has visit the block but not get the permission for doing the activity,25-Feb-22
198,G2 BLOCK,7113,PA TALK BACK,Satish,COMPLETED,Jegathesh Johnson,25-Feb-22,"Staircase #2, 6th floor speaker is not working",Not given the permission for this activity,25-Feb-22
199,G2 BLOCK,7115,PA TALK BACK,Satish,COMPLETED,Jegathesh Johnson,25-Feb-22,"Staircase #2, 7th floor speaker is not working",Not given the permission for this activity,25-Feb-22
200,G2 BLOCK,7117,PA TALK BACK,Satish,COMPLETED,Jegathesh Johnson,25-Feb-22,"Staircase #3, 6th floor speaker is not working",Not given the permission for this activity,25-Feb-22
201,G2 BLOCK,7119,PA TALK BACK,Satish,COMPLETED,Jegathesh Johnson,25-Feb-22,"Staircase #3, 7th floor speaker is not working",Not given the permission for this activity,25-Feb-22
202,G4 BLOCK,7121,HYDRANT SYSTEM,Balakrishna,OPEN,Praveen M P,25-Feb-22,LB FHS #5 need to be shift from store room inside to outside,,
203,G4 BLOCK,7123,FIRE ALARM,Balakrishna,COMPLETED,Jegathesh Johnson,25-Feb-22,"Stair case #1, 5th floor MCP is not working",Our engineer has been visit the block but didn't get the permission for doing the activity.,01-Mar-22
204,G4 BLOCK,7125,FIRE ALARM,Balakrishna,COMPLETED,Jegathesh Johnson,25-Feb-22,"Stair # 3, LB & 3rd floor hooter not working",Hooter has been damaged need to be replaced,25-Feb-22
205,G4 BLOCK,7127,PA TALK BACK,Balakrishna,COMPLETED,Jegathesh Johnson,25-Feb-22,"Staircase #03, 8th, 9th, 10th speaker not working.","cable has been damaged in all floors from 5th to 10th floor by client during demolition activity, SAFE has been following up on the status of cable damage from day one of the activity. No support/ update on restoring the cable with demolition crew from Building Executives.",25-Feb-22
206,G4 BLOCK,7129,HYDRANT SYSTEM,Balakrishna,OPEN,Praveen M P,25-Feb-22,Hydrant pump foot valve water passing,,
207,G4 BLOCK,7131,SPRINKLER SYSTEM,Balakrishna,OPEN,Praveen M P,25-Feb-22,UB & LB Sprinkler bulb leakage,,
208,G4 BLOCK,7133,HYDRANT SYSTEM,Balakrishna,OPEN,Praveen M P,25-Feb-22,1 no Hydrant point need to be install at Terrace,,
209,G4 BLOCK,7135,PA TALK BACK,Balakrishna,COMPLETED,Jegathesh Johnson,25-Feb-22,2 way Talk back system is not working,"cable has been damaged in all floors from 5th to 10th floor by client during demolition activity, SAFE has been following up on the status of cable damage from day one of the activity. No support/ update on restoring the cable with demolition crew frm Building Executives.",25-Feb-22
210,G4 BLOCK,7137,FIRE FIGHTING,Balakrishna,OPEN,Praveen M P,25-Feb-22,Pressure gauge & pressure switch calibration need to be done,,
211,G4 BLOCK,7139,FIRE FIGHTING,Balakrishna,COMPLETED,Praveen M P,25-Feb-22,Jockey pump Foot valve leakage need to be rectify,Waithing for po,21-Mar-22
212,G4 BLOCK,7141,FIRE ALARM,Balakrishna,COMPLETED,Jegathesh Johnson,25-Feb-22,FA system ground fault & troubles need to be rectified.,"Loop has been damaged in all floors from 5th to 10th floor by client during demolition activity, SAFE has been following up on the status of loop damage from day one of the activity. No support/ update on restoring the loops with demolition crew frm Building Executives. 

Offer has been shared for restoration. Awaiting PO.",25-Feb-22
213,G6 MLCP,7143,SPRINKLER SYSTEM,Balakrishna,OPEN,Praveen M P,25-Feb-22,All location Sprinkler flow switch need to be check,,
214,G6 MLCP,7145,HYDRANT SYSTEM,Balakrishna,COMPLETED,Praveen M P,25-Feb-22,1 no Hydrant point need to be install at Terrace,"Offer shared, waiting for po",08-Mar-22
215,G6 MLCP,7147,PA TALK BACK,Balakrishna,COMPLETED,Jegathesh Johnson,25-Feb-22,GF & LB Speaker is not working,Speakers has been damaged need to be replace.,25-Feb-22
216,G6 MLCP,7149,FIRE EXTINGUISHER,Balakrishna,COMPLETED,Praveen M P,25-Feb-22,Fire extinguishers refilling & HP test need to be done,Offer shared,23-Mar-22
217,G6 MLCP,7151,FIRE FIGHTING,Balakrishna,OPEN,Praveen M P,25-Feb-22,All locations Hose reel hose need to be check & servicing,,
218,G6 MLCP,7153,FIRE ALARM,Balakrishna,OPEN,Jegathesh Johnson,25-Feb-22,Heat detector need to be install at DG room,the dg room not yet to be complete the construction,29-Apr-22
219,G1 BLOCK,7155,FIRE EXTINGUISHER,Satish,OPEN,Praveen M P,25-Feb-22,New fire extinguishers need to be install,,
220,L1 BLOCK,7157,FIRE ALARM,Venkateshappa,Need F/O Support,Jegathesh Johnson,25-Feb-22,115 troubles need to be clear,,
221,L1 BLOCK,7159,FIRE ALARM,Venkateshappa,Need F/O Support,Jegathesh Johnson,25-Feb-22,"Staircase 1, 1st & 7th floor Hooter Not working",Completed,29-Apr-22
222,L1 BLOCK,7161,PA TALK BACK,Venkateshappa,Need F/O Support,Jegathesh Johnson,25-Feb-22,"Staircase 1, 1st & 7th floor Speaker Not working",Completed,29-Apr-22
223,L1 BLOCK,7163,FIRE ALARM,Venkateshappa,Need F/O Support,Jegathesh Johnson,25-Feb-22,"Staircase# 3, 1st floor hooter is not working",Completed,29-Apr-22
224,L1 BLOCK,7165,PA TALK BACK,Venkateshappa,Need F/O Support,Jegathesh Johnson,25-Feb-22,"Staircase# 5 LB ,1st & 7th floor speaker is not working",Completed,29-Apr-22
225,L1 BLOCK,7167,FIRE FIGHTING,Venkateshappa,OPEN,Praveen M P,25-Feb-22,Fire DG B-check need to be done,,
226,L1 BLOCK,7169,SPRINKLER SYSTEM,Venkateshappa,OPEN,Praveen M P,25-Feb-22,Some flow switch location not showing in panel,,
227,L1 BLOCK,7171,FIRE ALARM,Venkateshappa,Need F/O Support,Jegathesh Johnson,25-Feb-22,Some MCP location not showing in panel,Completed,29-Apr-22
228,L1 BLOCK,7173,FIRE ALARM,Venkateshappa,Need F/O Support,Jegathesh Johnson,25-Feb-22,Hooter is without alarm activated directly,Completed,29-Apr-22
229,L1 BLOCK,7175,FIRE ALARM,Venkateshappa,Need F/O Support,Jegathesh Johnson,25-Feb-22,"DG,LT,LMR & Chiller room hooter, MCP & Detector need to be fix",Completed,29-Apr-22
230,L2 BLOCK,7177,HYDRANT SYSTEM,Venkateshappa,COMPLETED,Praveen M P,25-Feb-22,Yard Hydrant #2 leakage pipe line need to be rectify,Leakage rectified,08-Mar-22
231,L2 BLOCK,7179,FIRE FIGHTING,Venkateshappa,OPEN,Praveen M P,25-Feb-22,Fire DG B-check need to be done,,
232,L2 BLOCK,7181,HYDRANT SYSTEM,Venkateshappa,OPEN,Praveen M P,25-Feb-22,FHC #10 modification work near LT room (Staircase # 6),,
233,L2 BLOCK,7183,SPRINKLER SYSTEM,Venkateshappa,OPEN,Praveen M P,25-Feb-22,Some flow switch location not showing in panel,,
234,L2 BLOCK,7185,FIRE ALARM,Venkateshappa,Need F/O Support,Jegathesh Johnson,25-Feb-22,Some MCP location not showing in panel,,
235,L3 BLOCK,7187,FIRE FIGHTING,Venkateshappa,COMPLETED,Praveen M P,25-Feb-22,Test line butterfly valve water passing need to be rectify,New valve delivered and fixed,11-Mar-22
236,L3 BLOCK,7189,FIRE FIGHTING,Venkateshappa,OPEN,Praveen M P,25-Feb-22,Fire DG B-check need to be done,,
237,L3 BLOCK,7191,FIRE ALARM,Venkateshappa,Need F/O Support,Jegathesh Johnson,25-Feb-22,Hooter is without alarm activated directly,Issue has findout and rectified done our team has been physically check the hooter for last PM activity time all are working fine now the system has been working good condition,01-Mar-22
238,L3 BLOCK,7193,PA TALK BACK,Venkateshappa,Need F/O Support,Jegathesh Johnson,25-Feb-22,PA system listen mode is not working,The existing PA system has all the staircase speakers connected in a single pair of twisted cable. Which we have recommended for upgrading it with 2 listed options. 1. ,29-Apr-22
239,L3 BLOCK,7195,SPRINKLER SYSTEM,Venkateshappa,OPEN,Praveen M P,25-Feb-22,Sprinkler pump main delivery line sluice valve leakage,,
240,L3 BLOCK,7197,HYDRANT SYSTEM,Venkateshappa,OPEN,Praveen M P,25-Feb-22,UB & LB FHC 2 & 5 modification work,,
241,L3 BLOCK,7199,FIRE ALARM,Venkateshappa,Need F/O Support,Jegathesh Johnson,25-Feb-22,"DG,LT,LMR & Chiller room hooter,MCP & Detector need to be fix",Completed,29-Apr-22
242,F2 BLOCK,7201,FIRE FIGHTING,MANJUNATH RAO,COMPLETED,Praveen M P,25-Feb-22,Dg pump A. wing gland leakage,Gland leakage Rectified,23-Mar-22
243,F3 BLOCK,7203,HYDRANT SYSTEM,Manjunath rao,OPEN,Praveen M P,25-Feb-22,Mlcp 3rd floor ball valve need to be replace,,
244,H1 BLOCK,7205,HYDRANT SYSTEM,Ranjithm,OPEN,Praveen M P,25-Feb-22,Hydrant pump cupping gard damage,,
245,H2 BLOCK,7207,FIRE ALARM,Ranjithm,COMPLETED,Jegathesh Johnson,25-Feb-22,LB all Hooters are not working,"Issue has been rectified, now the hooter has working good condition.",29-Mar-22
246,H2 BLOCK,7209,FIRE ALARM,Ranjith m,COMPLETED,Jegathesh Johnson,25-Feb-22,UB all Hooters are not working,"Issue has been rectified, now the hooter has working good condition.",29-Mar-22
247,H2 BLOCK,7211,FIRE ALARM,Ranjith m,COMPLETED,Jegathesh Johnson,25-Feb-22,Ground floor all Hooters are not working,"Issue has been rectified, now the hooter has working good condition.",29-Mar-22
248,H2 BLOCK,7213,FIRE ALARM,Ranjith m,COMPLETED,Jegathesh Johnson,25-Feb-22,1st floor Hooters are not working,"Issue has been rectified, now the hooter has working good condition.",29-Mar-22
249,G2 BLOCK,7215,FIRE FIGHTING,Satish,OPEN,Praveen M P,25-Feb-22,Jockey pump auto stop problem,,
250,D1 BLOCK,7217,FIRE FIGHTING,Sudeep,OPEN,Praveen M P,25-Feb-22,Ground floor pump room fire engine auto mode not working,,
251,D1 BLOCK,7219,FIRE FIGHTING,Sudeep,OPEN,Praveen M P,25-Feb-22,Ground floor Fire Hydrant Shaft got rusted,,
252,D1 BLOCK,7221,FIRE ALARM,Sudeep,OPEN,Jegathesh Johnson,25-Feb-22,Staircase #1 Hooter & MCP not working,,
253,D1 BLOCK,7223,FIRE FIGHTING,Sudeep,OPEN,Praveen M P,25-Feb-22,Fire hydrant point Quarterly checking & servicing not done,,
254,D1 BLOCK,7225,FIRE ALARM,Sudeep,OPEN,Jegathesh Johnson,25-Feb-22,Flow switch & tamper switch rectification work,,
255,D1 BLOCK,7227,FIRE FIGHTING,Sudeep,OPEN,Praveen M P,25-Feb-22,"Pump room, Terrace & ground floor Defective pressure gauges has to be replace",,
256,D1 BLOCK,7229,FIRE FIGHTING,Sudeep,OPEN,Praveen M P,25-Feb-22,Fire system flow meter not working,,
257,D1 BLOCK,7231,FIRE FIGHTING,Sudeep,OPEN,Praveen M P,25-Feb-22,Pump room All pumps gland leakage water passing hose need to be replace,,
258,D1 BLOCK,7233,FIRE ALARM,Sudeep,OPEN,Jegathesh Johnson,25-Feb-22,FA panel showing trouble & Alarm has to be rectify.,,
259,D1 BLOCK,7235,PA TALK BACK,Sudeep,COMPLETED,Jegathesh Johnson,25-Feb-22,FAS - Talk Back System not working,"The existing PA system has all the staircase speakers connected in a single pair of twisted cable. Which we have recommended for upgrading it with 2 listed options. 1. Integrated Fire alarm amplifier panel with Telephone and Mic. (Pilot version to be implemented in H2 Block) 2. Upgrade all the speakers (with call button), cables(2*1.5sq.mm armoured cable) and panel(40Zone Talk-back panel with call button). (Pilot version implemented in E2 and E2 MLCP)",04-Mar-22
260,D1 BLOCK,7237,CCTV,Sudeep,COMPLETED,Prasanth M,25-Feb-22,D1 North East PTZ Camera has to be install,"Switches, media converter in Basement rack has been damaged during flood. Offer has been shared for replacement. Awaiting PO for replacing the switches, media converter and power adaptors",08-Mar-22
261,D1 BLOCK,7239,CCTV,Sudeep,COMPLETED,Prasanth M,25-Feb-22,D1 basement DG Room Entry Fixed Camera not working,"Switches, media converter in Basement rack has been damaged during flood. Offer has been shared for replacement. Awaiting PO for replacing the switches, media converter and power adaptors",08-Mar-22
262,D1 BLOCK,7241,CCTV,Sudeep,COMPLETED,Prasanth M,25-Feb-22,D1 ground floor south West PTZ Camera not working,"Switches, media converter in Basement rack has been damaged during flood. Offer has been shared for replacement. Awaiting PO for replacing the switches, media converter and power adaptors",08-Mar-22
263,D1 BLOCK,7243,CCTV,Sudeep,COMPLETED,Prasanth M,25-Feb-22,D1 basement DG Room exit fixed Camera not working,"Switches, media converter in Basement rack has been damaged during flood. Offer has been shared for replacement. Awaiting PO for replacing the switches, media converter and power adaptors",08-Mar-22
264,D1 BLOCK,7245,CCTV,Sudeep,COMPLETED,Prasanth M,25-Feb-22,D1 basement Electrical Room Fixed Camera not working,"Switches, media converter in Basement rack has been damaged during flood. Offer has been shared for replacement. Awaiting PO for replacing the switches, media converter and power adaptors",08-Mar-22
265,D1 BLOCK,7247,CCTV,Sudeep,COMPLETED,Prasanth M,25-Feb-22,D1 ground floor Pump Room Fixed Camera not working,"Switches, media converter in Basement rack has been damaged during flood. Offer has been shared for replacement. Awaiting PO for replacing the switches, media converter and power adaptors",08-Mar-22
266,D1 BLOCK,7249,ACCESS CONTROL,Sudeep,OPEN,Prasanth M,25-Feb-22,D1 ground floor fire pump room Access Control Door not working,,
267,D1 BLOCK,7251,ACCESS CONTROL,Sudeep,OPEN,Prasanth M,25-Feb-22,Terrace service lift lobby Access Control not working,,
268,D1 BLOCK,7253,ACCESS CONTROL,Sudeep,OPEN,Prasanth M,25-Feb-22,Terrace staircase #1 Access Control not working,,
269,D1 BLOCK,7255,ACCESS CONTROL,Sudeep,OPEN,Prasanth M,25-Feb-22,Terrace staircase #2 Access Control not working,,
270,D1 BLOCK,7257,ACCESS CONTROL,Sudeep,OPEN,Prasanth M,25-Feb-22,Terrace staircase #3 Access Control not working,,
271,D1 BLOCK,7259,ACCESS CONTROL,Sudeep,OPEN,Prasanth M,25-Feb-22,Terrace staircase #4 Access Control not working,,
272,D2 BLOCK,7261,FIRE FIGHTING,Sudeep,OPEN,Praveen M P,25-Feb-22,Pump room Test line valve got damage (water passing),,
273,D2 BLOCK,7263,FIRE FIGHTING,Sudeep,OPEN,Praveen M P,25-Feb-22,Terrace D2 booster pump base replacement work,,
274,D2 BLOCK,7265,FIRE FIGHTING,Sudeep,OPEN,Praveen M P,25-Feb-22,Fire hydrant point Quarterly checking & servicing not done,,
275,D2 BLOCK,7267,HYDRANT SYSTEM,Sudeep,OPEN,Praveen M P,25-Feb-22,Basement Fire shaft inside reel hose drum line rusted.,,
276,D2 BLOCK,7269,FIRE FIGHTING,Sudeep,OPEN,Praveen M P,25-Feb-22,Basement fire shaft inside reel hose drum line rusted.,,
277,D2 BLOCK,7271,FIRE FIGHTING,Sudeep,OPEN,Praveen M P,25-Feb-22,All pumps gland leakage water passing hose to be replace.,,
278,D2 BLOCK,7273,FIRE ALARM,Sudeep,OPEN,Jegathesh Johnson,25-Feb-22,LMR smoke Detector Hooter & MCP not working .,,
279,D2 BLOCK,7275,FIRE ALARM,Sudeep,OPEN,Jegathesh Johnson,25-Feb-22,FAS alarm and trouble to be need to be rectify.,,
280,D2 BLOCK,7277,HYDRANT SYSTEM,Sudeep,OPEN,Praveen M P,25-Feb-22,Pump room Hydrant pump cooling hose damage,,
281,D2 BLOCK,7279,PA TALK BACK,Sudeep,COMPLETED,Jegathesh Johnson,25-Feb-22,FAS - Talk Back System not working,"The existing PA system has all the staircase speakers connected in a single pair of twisted cable. Which we have recommended for upgrading it with 2 listed options. 1. Integrated Fire alarm amplifier panel with Telephone and Mic. (Pilot version to be implemented in H2 Block) 2. Upgrade all the speakers (with call button), cables(2*1.5sq.mm armoured cable) and panel(40Zone Talk-back panel with call button). (Pilot version implemented in E2 and E2 MLCP)",25-Feb-22
282,D2 BLOCK,7281,ACCESS CONTROL,Sudeep,OPEN,Prasanth M,25-Feb-22,Terrace staircase #1 Access Control not working,,
283,D2 BLOCK,7283,ACCESS CONTROL,Sudeep,OPEN,Prasanth M,25-Feb-22,Terrace staircase #2 Access Control not working,,
284,D2 BLOCK,7285,ACCESS CONTROL,Sudeep,OPEN,Prasanth M,25-Feb-22,Terrace staircase #3 Access Control not working,,
285,D2 BLOCK,7287,ACCESS CONTROL,Sudeep,OPEN,Prasanth M,25-Feb-22,Terrace staircase #4 Access Control not working,,
286,D4 BLOCK,7289,ACCESS CONTROL,Sudeep,OPEN,Prasanth M,25-Feb-22,Terrace service lift lobby Access Control not working,,
287,L5 BLOCK,7291,FIRE ALARM,Dinakar Raj D,COMPLETED,Jegathesh Johnson,25-Feb-22,Staircase no 1 4th floor 8th floor & 9th floor MCP not working,"MCP fault ,need to be change the new MCP",28-Feb-22
288,L5 BLOCK,7293,FIRE ALARM,Dinakar Raj D,COMPLETED,Jegathesh Johnson,25-Feb-22,Staircase no 2 4th 7th 8th & 9th floor MCP not working,"MCP has been faulty condition,need to be change the new MCP.",28-Feb-22
289,L5 BLOCK,7295,FIRE ALARM,Dinakar Raj D,COMPLETED,Jegathesh Johnson,25-Feb-22,Staircase no 3 8th & 9th floor MCP not working,Mcp fault need to be change new mcp.,26-Feb-22
290,L6 BLOCK,7297,FIRE ALARM,Dinakar Raj D,OPEN,Jegathesh Johnson,26-Feb-22,System trouble to be rectify,"Due to the CPU issue system has not operational, we have already inform to the F/O .",29-Apr-22
291,L6 BLOCK,7299,FIRE FIGHTING,Dinakar Raj D,OPEN,Praveen M P,26-Feb-22,Sprinkler on button indication light not working,,
292,L6 BLOCK,7301,FIRE FIGHTING,Dinakar Raj D,OPEN,Praveen M P,26-Feb-22,Diesel engine on indication light not working,,
293,L6 BLOCK,7303,FIRE FIGHTING,Dinakar Raj,OPEN,Praveen M P,26-Feb-22,Terrace booster pump on & off push button not working properly,,
294,L6 BLOCK,7305,FIRE FIGHTING,Dinakar Raj D,OPEN,Praveen M P,26-Feb-22,6th floor inside Sprinkler delivery line butterfly valve leakage,,
295,L6 BLOCK,7307,FIRE ALARM,Dinakar Raj D,OPEN,Jegathesh Johnson,26-Feb-22,Ground floor 1st 2nd 3rd & 5th hooter not working,"Due to the CPU issue system has not operational, we have already inform to the F/O .",29-Apr-22
296,H2 BLOCK,7309,FIRE FIGHTING,Ranjith m,OPEN,Praveen M P,26-Feb-22,B wing fire DG sum sparks coming near starter while running DG,,
297,H2 BLOCK,7311,FIRE FIGHTING,Ranjith m,OPEN,Praveen M P,26-Feb-22,B wing Sprinkler pump suction line gasket leckage,,
298,E2 BLOCK,7313,FIRE ALARM,Ananda M,COMPLETED,Jegathesh Johnson,26-Feb-22,Colt FAS system & builder FAS system integration need to be done,Completed,29-Apr-22
299,D4 BLOCK,7315,FIRE FIGHTING,Sudeep,OPEN,Praveen M P,02-Mar-22,Jockey pump footvalve issue water not lifting,,
300,D2 BLOCK,7317,FIRE FIGHTING,Sudeep,OPEN,Praveen M P,02-Mar-22,Diesel engine pump RPM not showing properly,,
301,G6 MLCP,7319,ACCESS CONTROL,Balakrishna,OPEN,Prasanth M,02-Mar-22,L T Room Access Control Door not working,,
302,L5 BLOCK,7321,FIRE FIGHTING,Dinakar Raj D,COMPLETED,Praveen M P,02-Mar-22,Hydrant motor shaft issue,Pump send to service,21-Mar-22
303,L5 BLOCK,7323,FIRE ALARM,Dinakar Raj D,OPEN,Jegathesh Johnson,02-Mar-22,Listen mode not working,"The existing PA system has all the staircase speakers connected in a single pair of twisted cable. Which we have recommended for upgrading it with 2 listed options. 1. Integrated Fire alarm amplifier panel with Telephone and Mic. (Pilot version to be implemented in H2 Block) 2. Upgrade all the speakers (with call button), cables(2*1.5sq.mm armoured cable) and panel(40Zone Talk-back panel with call button). (Pilot version implemented in E2 and E2 MLCP)",29-Apr-22
304,L5 BLOCK,7325,FIRE FIGHTING,Dinakar Raj D,OPEN,Praveen M P,02-Mar-22,Diesel tank measurement scale issue,,
305,L6 BLOCK,7327,FIRE FIGHTING,Dinakar Raj D,OPEN,Praveen M P,02-Mar-22,All floors sprinkler flow switch to be check,,
306,L6 BLOCK,7329,FIRE FIGHTING,Dinakar,OPEN,Praveen M P,02-Mar-22,Hydrant pump cupping rubber bush issue,,
307,L6 BLOCK,7331,FIRE ALARM,Dinakar Raj D,OPEN,Jegathesh Johnson,02-Mar-22,Staircase no 2 1st to 5th floor and chiller plant hotter not working,Issue has been rectified done ,29-Apr-22
308,L6 BLOCK,7333,FIRE FIGHTING,Dinakar Raj D,OPEN,Praveen M P,02-Mar-22,Basement FHS 1 hose reel drum connecting hose to be replace,,
309,G1 BLOCK,7335,ACCESS CONTROL,Satish,OPEN,Prasanth M,02-Mar-22,Pump room Access control door not working,,
310,G1 BLOCK,7337,FIRE FIGHTING,Satish,OPEN,Praveen M P,02-Mar-22,Fire DG #1 & 2 B-check need to be done,,
311,L6 BLOCK,7339,FIRE FIGHTING,Dinakar Raj D,OPEN,Praveen M P,02-Mar-22,Diesel tank measurement scale issue,,
312,G2 BLOCK,7341,FIRE FIGHTING,Satish,OPEN,Praveen M P,02-Mar-22,Fire DG B-check need to be done,,
313,G1 BLOCK,7343,HYDRANT SYSTEM,Satish,OPEN,Praveen M P,02-Mar-22,2 no's Hydrant point need to be install @ Terrace,,
314,G2 BLOCK,7345,HYDRANT SYSTEM,Satish,OPEN,Praveen M P,02-Mar-22,2 no's Hydrant point need to be install @ Terrace,,
315,L6 BLOCK,7347,FIRE ALARM,Dinakar Raj D,OPEN,Jegathesh Johnson,02-Mar-22,PA system listen mode not working,"The existing PA system has all the staircase speakers connected in a single pair of twisted cable. Which we have recommended for upgrading it with 2 listed options. 1. Integrated Fire alarm amplifier panel with Telephone and Mic. (Pilot version to be implemented in H2 Block) 2. Upgrade all the speakers (with call button), cables(2*1.5sq.mm armoured cable) and panel(40Zone Talk-back panel with call button). (Pilot version implemented in E2 and E2 MLCP)",29-Apr-22
316,L7 MLCP,7349,FIRE FIGHTING,Dinakar Raj D,OPEN,Praveen M P,02-Mar-22,Diesel line Hosepipe leakage,,
317,L7 MLCP,7351,FIRE FIGHTING,Dinakar Raj D,OPEN,Praveen M P,02-Mar-22,Diesel tank measurement scale issue,,
318,L7 MLCP,7353,FIRE ALARM,Dinakar Raj D,OPEN,Jegathesh Johnson,02-Mar-22,PA system listen mode not working,The existing PA system has all the staircase speakers connected in a single pair of twisted cable. Which we have recommended for upgrading it with 2 listed options. 1. ,29-Apr-22
319,L7 MLCP,7355,ACCESS CONTROL,Dinakar Raj D,OPEN,Prasanth M,02-Mar-22,STP access not working,,
320,H2 BLOCK,7357,ACCESS CONTROL,Ranjithm,OPEN,Prasanth M,02-Mar-22,UB pump room access not working,,
321,H2 BLOCK,7359,ACCESS CONTROL,Ranjith m,OPEN,Prasanth M,02-Mar-22,Terrace access control not working,,
322,L7 MLCP,7361,FIRE FIGHTING,Dinakar Raj D,OPEN,Praveen M P,02-Mar-22,4th floor FHS 2 5th floor FHS 1 & 5 door glass need to be replace,,
323,L6 BLOCK,7363,ACCESS CONTROL,Dinakar Raj D,OPEN,Prasanth M,02-Mar-22,Terrace service lift lobby access not working,,
324,L6 BLOCK,7365,ACCESS CONTROL,Dinakar Raj D,OPEN,Prasanth M,02-Mar-22,Terrace starecase no 1 access not working,,
325,L7 MLCP,7367,SPRINKLER SYSTEM,Dinakar Raj D,OPEN,Praveen M P,02-Mar-22,All floors flow switch to be check,,
326,G3 BLOCK,7369,PA TALK BACK,Balakrishna,COMPLETED,Jegathesh Johnson,02-Mar-22,FAS - Talk Back System not working,"New amplifier has supplied done and tested to the all speakers, all are working good condition",04-Apr-22
327,G3 BLOCK,7371,ACCESS CONTROL,Balakrishna,OPEN,Prasanth M,02-Mar-22,L T Room A-wing Access Control Door not working,,
328,G3 BLOCK,7373,ACCESS CONTROL,Balakrishna,OPEN,Prasanth M,02-Mar-22,Terrace Access Control Door not working,,
329,G3 BLOCK,7375,ACCESS CONTROL,Balakrishna,OPEN,Prasanth M,02-Mar-22,Terrace B-wing Access Control Door not working,,
330,G3 BLOCK,7377,ACCESS CONTROL,Balakrishna,OPEN,Prasanth M,02-Mar-22,D G Room Access Control Door not working,,
331,G6 MLCP,7379,ACCESS CONTROL,Balakrishna,OPEN,Prasanth M,02-Mar-22,L T Room Access Control Door not working,,
332,L1 BLOCK,7381,ACCESS CONTROL,Venkateshappa,OPEN,Prasanth M,02-Mar-22,UB Passenger lift lobby Access Control Door not working,,
333,L1 BLOCK,7383,ACCESS CONTROL,Venkateshappa,OPEN,Prasanth M,02-Mar-22,LB Passenger lift lobby Access Control Door not working,,
334,L3 BLOCK,7385,ACCESS CONTROL,Venkateshappa,OPEN,Prasanth M,02-Mar-22,L T Room Access Control Door not working,,
335,L3 BLOCK,7387,ACCESS CONTROL,Venkateshappa,OPEN,Prasanth M,02-Mar-22,Pump room Access Control Door not working,,
336,L3 BLOCK,7389,ACCESS CONTROL,Venkateshappa,OPEN,Prasanth M,02-Mar-22,Terrace Staircase #1 Access Control Door not working,,
337,L3 BLOCK,7391,ACCESS CONTROL,Venkateshappa,OPEN,Prasanth M,02-Mar-22,Terrace Staircase # 2 Access Control Door not working,,
338,L3 BLOCK,7393,ACCESS CONTROL,Venkateshappa,OPEN,Prasanth M,02-Mar-22,Terrace Staircase # 3 Access Control Door not working,,
339,L3 BLOCK,7395,ACCESS CONTROL,Venkateshappa,OPEN,Prasanth M,02-Mar-22,Terrace Service lift lobby #1 Access Control Door not working,,
340,L3 BLOCK,7397,ACCESS CONTROL,Venkateshappa,OPEN,Prasanth M,02-Mar-22,Terrace Service lift lobby #2 Access Control Door not working,,
341,H1 BLOCK,7399,FIRE ALARM,Ranjith m,COMPLETED,Jegathesh Johnson,02-Mar-22,Hooters not working in ground floor,"Issue has been rectified, now the hooter has working good condition.",29-Mar-22
342,H1 BLOCK,7401,FIRE FIGHTING,Ranjith m,OPEN,Praveen M P,02-Mar-22,Fire DG #2 fuel tank measurement pipe line need to be replace,,
343,F2 BLOCK,7403,FIRE ALARM,Manjunath Rao,COMPLETED,Jegathesh Johnson,02-Mar-22,1 No. Smoke detector hanging @ near FAS room,work has been completed.,15-Mar-22
344,F3 BLOCK,7405,SPRINKLER SYSTEM,Manjunath Rao,OPEN,Praveen M P,02-Mar-22,Sprinkler ICV #4 pressure gauge need to be replace,,
345,H1 BLOCK,7407,FIRE FIGHTING,Ranjithm,OPEN,Praveen M P,02-Mar-22,Fire DG #2 fuel inlet pipe damage need to be replace,,
346,H2 BLOCK,7409,ACCESS CONTROL,Ranjithm,OPEN,Prasanth M,02-Mar-22,GF LT room access control not working,,
347,H2 BLOCK,7411,ACCESS CONTROL,Ranjithm,OPEN,Prasanth M,02-Mar-22,GF DG room access control not working,,
348,H1 BLOCK,7413,FIRE FIGHTING,Ranjithm,COMPLETED,Praveen M P,02-Mar-22,Hydrant pump gland plate damage,gland plate replaced,03-Apr-22
349,H2 BLOCK,7415,FIRE FIGHTING,Ranjithm,OPEN,Praveen M P,02-Mar-22,Fire DG fuel measurements pipe need to be replace,,
350,H2 BLOCK,7417,FIRE ALARM,Ranjith m,COMPLETED,Jegathesh Johnson,02-Mar-22,Ground floor Hooters are not working,"Issue has been rectified, now the hooter has working good condition.",29-Mar-22
351,H2 BLOCK,7419,PA TALK BACK,Ranjithm,Need F/O Support,Jegathesh Johnson,02-Mar-22,Ground floor talk back system not working,"Issue has been rectified, now the speaker has working good condition.",29-Mar-22
352,H2 BLOCK,7421,FIRE FIGHTING,Ranjithm,OPEN,Praveen M P,02-Mar-22,Fire DG diesel measurement pipe line need to be replace,,
353,H2 BLOCK,7423,FIRE FIGHTING,Ranjithm,OPEN,Praveen M P,02-Mar-22,Fire DG 1 fuel inlet pipe need to be replace,,
354,H2 BLOCK,7425,PA TALK BACK,Ranjith m,Need F/O Support,Jegathesh Johnson,02-Mar-22,1st floor talk back system not working,"Issue has been rectified, now the speaker has working good condition.",29-Mar-22
355,H2 BLOCK,7427,FIRE FIGHTING,Ranjith m,OPEN,Praveen M P,02-Mar-22,UB hydrant point relocating,,
356,H2 BLOCK,7429,FIRE FIGHTING,Ranjith m,OPEN,Praveen M P,02-Mar-22,New YH point fixing in terrace,,
357,C1 BLOCK,7431,ACCESS CONTROL,Ravi C R,OPEN,Prasanth M,03-Mar-22,LT Room Access door is not working,,
358,C1 BLOCK,7433,ACCESS CONTROL,Ravi C R,OPEN,Prasanth M,03-Mar-22,DG Room Access door is not working,,
359,E2 BLOCK,7435,ACCESS CONTROL,Ananda.M,OPEN,Prasanth M,03-Mar-22,Ground floor Pump room access not working,,
360,C1 BLOCK,7437,ACCESS CONTROL,Ravi C R,OPEN,Prasanth M,03-Mar-22,Pump Room Access door is not working,,
361,E2 BLOCK,7439,ACCESS CONTROL,Ananda.M,OPEN,Prasanth M,03-Mar-22,Ground floor DG room access not working,,
362,C1 BLOCK,7441,ACCESS CONTROL,Ravi C R,OPEN,Prasanth M,03-Mar-22,Terrace Staircase-2 Access door is not working,,
363,C1 BLOCK,7443,ACCESS CONTROL,Ravi C R,OPEN,Prasanth M,03-Mar-22,Terrace Staircase-4 Access door is not working,,
364,E2 BLOCK,7445,ACCESS CONTROL,Ananda M,OPEN,Prasanth M,03-Mar-22,Ground floor A wing LT room access not working,,
365,E2 BLOCK,7447,ACCESS CONTROL,Amanda M,OPEN,Prasanth M,03-Mar-22,Ground floor B wing LT room access not working,,
366,C2 BLOCK,7449,ACCESS CONTROL,Ravi C R,OPEN,Prasanth M,03-Mar-22,Pump room Access door is not working,,
367,C2 MLCP,7451,ACCESS CONTROL,Ravi C R,OPEN,Prasanth M,03-Mar-22,L T Room Access door is not working,,
368,E2 BLOCK,7453,ACCESS CONTROL,Ananda M,OPEN,Prasanth M,03-Mar-22,Terrace staircase-01 access not working,,
369,C2 MLCP,7455,ACCESS CONTROL,Ravi C R,OPEN,Prasanth M,03-Mar-22,D G room Access door is not working,,
370,C2 MLCP,7457,ACCESS CONTROL,Ravi C R,OPEN,Prasanth M,03-Mar-22,Service Lift lobby Terrace- A wing Access door is not working,,
371,E2 BLOCK,7459,ACCESS CONTROL,Ananda M,OPEN,Prasanth M,03-Mar-22,Terrace staircase-2 access door not working,,
372,E2 BLOCK,7461,ACCESS CONTROL,Amanda.M,OPEN,Prasanth M,03-Mar-22,Terrace staircase-03 access door not working,,
373,C2 MLCP,7463,ACCESS CONTROL,Ravi C R,OPEN,Prasanth M,03-Mar-22,MLCP Stair case-1A Access Control Door not working,,
374,C2 MLCP,7465,ACCESS CONTROL,Ravi C R,OPEN,Prasanth M,03-Mar-22,MLCP Stair case-1B Access Control Door not working,,
375,E2 BLOCK,7467,ACCESS CONTROL,Ananda.M,OPEN,Prasanth M,03-Mar-22,Terrace staircase-04 access door not working,,
376,C4 BLOCK,7469,ACCESS CONTROL,Ravi C R,OPEN,Prasanth M,03-Mar-22,L T room Access Control Door not working,,
377,E2 MLCP,7471,ACCESS CONTROL,Ananda M,OPEN,Prasanth M,03-Mar-22,Terrace staircase-01 door access not working,,
378,E2 MLCP,7473,ACCESS CONTROL,Ananda M,OPEN,Prasanth M,03-Mar-22,Terrace staircase-02 door access not working,,
379,C4 BLOCK,7475,ACCESS CONTROL,Ravi C R,OPEN,Prasanth M,03-Mar-22,D G Room Access Control Door not working,,
380,C4 BLOCK,7477,ACCESS CONTROL,Ravi C R,OPEN,Prasanth M,03-Mar-22,Pump Room Access Control Door not working,,
381,E1 BLOCK,7479,ACCESS CONTROL,Ananda M,OPEN,Prasanth M,03-Mar-22,Basement Pump room access not working,,
382,C4 BLOCK,7481,ACCESS CONTROL,Ravi C R,OPEN,Prasanth M,03-Mar-22,Service Lift lobby Terrace A wing Access Control Door not working,,
383,C4 BLOCK,7483,ACCESS CONTROL,Ravi C R,OPEN,Prasanth M,03-Mar-22,Service Lift lobby Terrace B wing Access Control Door not working,,
384,C4 BLOCK,7485,ACCESS CONTROL,Ravi C R,OPEN,Prasanth M,03-Mar-22,Terrace Staircase-1 Access Control Door not working,,
385,C4 BLOCK,7487,ACCESS CONTROL,Ravi C R,OPEN,Prasanth M,03-Mar-22,Terrace Staircase-2 Access Control Door not working,,
386,C4 BLOCK,7489,ACCESS CONTROL,Ravi C R,OPEN,Prasanth M,03-Mar-22,Terrace Staircase-3 Access Control Door not working,,
387,C4 BLOCK,7491,ACCESS CONTROL,Ravi C R,OPEN,Prasanth M,03-Mar-22,Terrace Staircase-4 Access Control Door not working,,
388,C4 BLOCK,7493,ACCESS CONTROL,Ravi C R,OPEN,Prasanth M,03-Mar-22,Terrace Staircase-5 Access Control Door not working,,
389,E1 BLOCK,7495,ACCESS CONTROL,Ananda M,OPEN,Prasanth M,03-Mar-22,Terrace staircase-02 access door not working,,
390,E1 BLOCK,7497,ACCESS CONTROL,Ananda M,OPEN,Prasanth M,03-Mar-22,Terrace staircase-03 door access not working,,
391,B BLOCK,7499,ACCESS CONTROL,Nandakumar C R,OPEN,Prasanth M,03-Mar-22,Ground Floor L T Room Access Control Door not working,,
392,B BLOCK,7501,ACCESS CONTROL,Nandakumar C R,OPEN,Prasanth M,03-Mar-22,,,
393,B BLOCK,7503,ACCESS CONTROL,Nandakumar C R,OPEN,Prasanth M,03-Mar-22,Basement Pump Room Access Control Door not working,,
394,B BLOCK,7505,ACCESS CONTROL,NandaKumar C R,OPEN,Prasanth M,03-Mar-22,Basement STP Access Control Door not working,,
395,B BLOCK,7507,ACCESS CONTROL,Nandakumar C R,OPEN,Prasanth M,03-Mar-22,Terrace service lift lobby Access Control Door not working,,
396,B BLOCK,7509,ACCESS CONTROL,Nandakumar C R,OPEN,Prasanth M,03-Mar-22,Terrace Staircase #1 Access Control Door not working,,
397,B BLOCK,7511,ACCESS CONTROL,Nandakumar C R,OPEN,Prasanth M,03-Mar-22,Terrace Staircase #2 Access Control Door not working,,
398,B BLOCK,7513,ACCESS CONTROL,Nandakumar C R,OPEN,Prasanth M,03-Mar-22,Terrace Staircase #3 Access Control Door not working,,
399,B BLOCK,7515,ACCESS CONTROL,Nandakumar C R,OPEN,Prasanth M,03-Mar-22,Terrace Staircase #4 Access Control Door not working,,
400,B BLOCK,7517,ACCESS CONTROL,Nandakumar C R,OPEN,Prasanth M,03-Mar-22,Terrace Staircase #5 Access Control Door not working,,
401,K BLOCK,7519,FIRE ALARM,Nandakumar C R,COMPLETED,Jegathesh Johnson,03-Mar-22,Lift need to be integrated with FAS panel,"F/O has telling to stop the all current activities in ""K Block"", Because going on the building demolition activity.",15-Mar-22
402,K BLOCK,7521,FIRE ALARM,Nandakumar C R,Need F/O Support,Jegathesh Johnson,03-Mar-22,"Staircase # 2, 4th floor MCP is not working","Loop has been damaged in all floors ,client during demolition activity, SAFE has been following up on the status of loop damage from day one of the activity. No support/ update on restoring the loops with demolition crew from Building Executives.",15-Mar-22
403,K BLOCK,7523,HYDRANT SYSTEM,Nandakumar C R,OPEN,Praveen M P,03-Mar-22,3 no's Air release valve need to be replace at Terrace,,
404,K BLOCK,7525,FIRE FIGHTING,Nandakumar C R,OPEN,Praveen M P,03-Mar-22,Jockey pump base need to be replace,,
405,K BLOCK,7527,PA TALK BACK,Nandakumar C R,COMPLETED,Jegathesh Johnson,03-Mar-22,2way talk back system need to be rectify,"Cable has been damaged in all floors ,client during demolition activity, SAFE has been following up on the status of cable damage from day one of the activity. No support/ update on restoring the loops with demolition crew from Building Executives.",15-Mar-22
406,K BLOCK,7529,HYDRANT SYSTEM,Nandakumar C R,OPEN,Praveen M P,03-Mar-22,4 no's Hose box door glass need to be replace,,
407,K BLOCK,7531,HYDRANT SYSTEM,Nandakumar C R,OPEN,Praveen M P,03-Mar-22,1 no Hydrant point need to be install at Terrace,,
408,K BLOCK,7533,ACCESS CONTROL,Nandakumar C R,OPEN,Prasanth M,03-Mar-22,L T Room Access Control Door not working,,
409,K BLOCK,7535,ACCESS CONTROL,Nandakumar C R,OPEN,Prasanth M,03-Mar-22,DG Room Access Control Door not working,,
410,K BLOCK,7537,ACCESS CONTROL,Nandakumar C R,OPEN,Prasanth M,03-Mar-22,Pump Room Access Control Door not working,,
411,K BLOCK,7539,ACCESS CONTROL,Nandakumar C R,OPEN,Prasanth M,03-Mar-22,Terrace Staircase-1 Access Control Door not working,,
412,K BLOCK,7541,ACCESS CONTROL,Nandakumar C R,OPEN,Prasanth M,03-Mar-22,Terrace Staircase-2 Access Control Door not working,,
413,K BLOCK,7543,ACCESS CONTROL,Nandakumar C R,OPEN,Prasanth M,03-Mar-22,Terrace Staircase-4 Access Control Door not working,,
414,L2 BLOCK,7545,CCTV,Venkateshappa,COMPLETED,Prasanth M,03-Mar-22,L2 Passenger Lift-G Fixed Camera Failed,Rectified Working Normal,13-Apr-22
415,L2 BLOCK,7547,CCTV,Venkateshappa,COMPLETED,Prasanth M,03-Mar-22,L2 MLCP 4th Floor cam-4 Fixed Camera Failed,Rectified Working Normal,13-Apr-22
416,E2 BLOCK,7551,FIRE EXTINGUISHER,Ananda M,OPEN,Praveen M P,10-Mar-22,fire extinguishers Reffiling pending PO has released,,
417,E1 BLOCK,7553,FIRE EXTINGUISHER,Ananda M,COMPLETED,Praveen M P,10-Mar-22,fire extinguishers Reffiling pending PO has released,Extingshner refilled,15-Mar-22
418,L6 BLOCK,7555,HYDRANT SYSTEM,Dinakar Raj D,OPEN,Praveen M P,10-Mar-22,Yard hydrant water leakage,,
419,E2 BLOCK,7557,FIRE ALARM,Ananda M,COMPLETED,Jegathesh Johnson,11-Mar-22,"Fire Alarm Panel Enabled but Not Reset, Smoke Detector Ground Floor SD-32 Must Be Verified","Issue rectified on 17/Mar/22, now the system has normal condition only",27-Apr-22
420,D4 BLOCK,7559,FIRE FIGHTING,Sudeep,OPEN,Praveen M P,12-Mar-22,Jockey pump water not lifting,,
421,L7 MLCP,7561,FIRE FIGHTING,Dinakar Raj D,COMPLETED,Praveen M P,15-Mar-22,Jockey pump coupling rubber bush got damaged,spider bush replaced,03-Apr-22
422,E2 BLOCK,7563,CCTV,Ananda M,OPEN,Prasanth M,15-Mar-22,E2 Block CCTV Rack UPS not working,,
423,E2 BLOCK,7565,FIRE EXTINGUISHER,Ananda M,OPEN,Praveen M P,15-Mar-22,Reffiling ABC fire extinguishers not installed Location Wise ..,,
424,E1 BLOCK,7567,FIRE EXTINGUISHER,Ananda M,OPEN,Praveen M P,15-Mar-22,Reffiling ABC fire extinguishers not installed Location Wise ..,,
425,E1 BLOCK,7569,FIRE FIGHTING,Ananda M,OPEN,Praveen M P,18-Mar-22,Battery not charging need to be check,,
426,F2 BLOCK,7579,FIRE EXTINGUISHER,Manjunath Rao,OPEN,Praveen M P,01-Apr-22,Supply of new Fire extinguishers,,
427,F3 BLOCK,7581,FIRE EXTINGUISHER,Manjunath Rao,OPEN,Praveen M P,01-Apr-22,Supply of New Fire extinguishers,,
428,F2 BLOCK,7583,FIRE FIGHTING,Manjunath Rao,OPEN,Praveen M P,01-Apr-22,Fire pumps vibration need to be rectify,,
429,F3 BLOCK,7585,FIRE FIGHTING,Manjunath Rao,OPEN,Praveen M P,01-Apr-22,Fire pumps vibration need to be rectify,,
430,F2 BLOCK,7587,FIRE FIGHTING,Manjunath Rao,OPEN,Praveen M P,01-Apr-22,Fire pumps pressure switch need to set asper pumps sequence chart,,
431,F3 BLOCK,7589,FIRE FIGHTING,Manjunath Rao,COMPLETED,Praveen M P,01-Apr-22,Fire pumps pressure switch need to set asper pumps sequence chart,pressure switch set as per the sequence chart,03-May-22
432,F3 BLOCK,7591,FIRE ALARM,Manjunath Rao,Need F/O Support,Jegathesh Johnson,01-Apr-22,Smoke detector need to be fix,"Team ill be visited to the block for checking the ,but client side not getting the proper permission for carry out the activity",29-Apr-22
433,G1 BLOCK,7603,FIRE FIGHTING,Satish kumar M V,OPEN,Praveen M P,26-Apr-22,Fire pumps pressure switch need to be set asper pumps sequence chart,,
434,G2 BLOCK,7605,FIRE FIGHTING,Satish Kumar M V,OPEN,Praveen M P,26-Apr-22,Fire pumps pressure switch need to be set asper pumps sequence chart,,
435,G1 BLOCK,7607,FIRE FIGHTING,Satish kumar,OPEN,Praveen M P,26-Apr-22,All fire pumps health check up need to be done,,
436,G1 BLOCK,7609,FIRE FIGHTING,Satish,OPEN,Praveen M P,26-Apr-22,All fire pumps pressure switch calibration need to be done,,
437,G2 BLOCK,7611,FIRE FIGHTING,Satish,OPEN,Praveen M P,26-Apr-22,All fire pumps health check up need to be done,,
438,G2 BLOCK,7613,FIRE FIGHTING,Satish,OPEN,Praveen M P,26-Apr-22,All fire pumps pressure switch calibration need to be done,,
439,G3 BLOCK,7615,FIRE FIGHTING,Balakrishna P N,OPEN,Praveen M P,26-Apr-22,All fire pumps health check up need to be done,,
440,G3 BLOCK,7617,FIRE FIGHTING,Balakrishna P N,OPEN,Praveen M P,26-Apr-22,All fire pumps pressure switch calibration need to be done,,
441,G4 BLOCK,7619,FIRE FIGHTING,Balakrishna P N,OPEN,Praveen M P,26-Apr-22,All fire pumps health check up need to be done,,
442,G4 BLOCK,7621,FIRE FIGHTING,Balakrishna PN,OPEN,Praveen M P,26-Apr-22,All fire pumps pressure switch calibration need to be done,,
443,N1 BLOCK,7623,CCTV,Ananthanag,OPEN,Prasanth M,27-Apr-22,N1 Transformer Yard near Fixed Camera Failed,,
444,N1 BLOCK,7625,CCTV,Ananthanag,OPEN,Prasanth M,27-Apr-22,N1 Exit Gate near Fixed Camera Failed,,
445,N1 BLOCK,7627,ACCESS CONTROL,Ananthanag,OPEN,Prasanth M,27-Apr-22,Terrace service lift lobby Access Control not working,,
446,N1 BLOCK,7629,ACCESS CONTROL,Ananthanag,OPEN,Prasanth M,27-Apr-22,Terrace staircase #1 Access Control not working,,
447,N1 BLOCK,7631,ACCESS CONTROL,Ananthanag,OPEN,Prasanth M,27-Apr-22,Terrace staircase #2 Access Control not working,,
448,N1 BLOCK,7633,ACCESS CONTROL,Ananthanag,OPEN,Prasanth M,27-Apr-22,Ground floor LT room Access Control working,,
449,N1 BLOCK,7635,ACCESS CONTROL,Ananthanag,OPEN,Prasanth M,27-Apr-22,Ground floor DG room Access Control working,,
450,H2 BLOCK,7637,FIRE ALARM,Ranjith m,Need F/O Support,Jegathesh Johnson,27-Apr-22,1st floor Hooters not working,"Team ill be visited to the block for checking the ,but client side not getting the proper permission for carry out the activity",29-Apr-22
451,H2 BLOCK,7639,FIRE ALARM,Ranjith m,Need F/O Support,Jegathesh Johnson,27-Apr-22,2nd floors hooter are not working it,"Team ill be visited to the block for checking the ,but client side not getting the proper permission for carry out the activity",29-Apr-22
